{"cameraMode":{"drawMode":0,"name":"Shaded","section":"Shading Mode"},"sceneLighting":true,"audioPlay":false,"sceneViewState":{"showFog":true,"showMaterialUpdate":false,"showSkybox":true,"showFlares":true,"showImageEffects":true,"showParticleSystems":true},"in2DMode":false,"pivot":{"x":23.27178192138672,"y":11.98922061920166,"z":1.4251065254211426},"rotation":{"x":0.20753759145736695,"y":-0.5312987565994263,"z":0.13611651957035066,"w":0.8100395798683167},"size":14.2210054397583,"orthographic":false}