{"cameraMode":{"drawMode":0,"name":"Shaded","section":"Shading Mode"},"sceneLighting":true,"audioPlay":false,"sceneViewState":{"showFog":true,"showMaterialUpdate":false,"showSkybox":true,"showFlares":true,"showImageEffects":true,"showParticleSystems":true},"in2DMode":false,"pivot":{"x":6.583775520324707,"y":-1.3261961936950684,"z":1.2595672607421876},"rotation":{"x":0.22906756401062013,"y":0.30069154500961306,"z":-0.07463104277849198,"w":0.9228023290634155},"size":14.2210054397583,"orthographic":false}