{"cameraMode":{"drawMode":0,"name":"Shaded","section":"Shading Mode"},"sceneLighting":true,"audioPlay":false,"sceneViewState":{"showFog":true,"showMaterialUpdate":false,"showSkybox":true,"showFlares":true,"showImageEffects":true,"showParticleSystems":true},"in2DMode":false,"pivot":{"x":5.636108875274658,"y":4.830188274383545,"z":-25.802106857299806},"rotation":{"x":0.16595108807086945,"y":0.03252214193344116,"z":-0.005548147018998861,"w":0.9856252074241638},"size":12.485182762145996,"orthographic":false}