{"cameraMode":{"drawMode":0,"name":"Shaded","section":"Shading Mode"},"sceneLighting":true,"audioPlay":false,"sceneViewState":{"showFog":true,"showMaterialUpdate":false,"showSkybox":true,"showFlares":true,"showImageEffects":true,"showParticleSystems":true},"in2DMode":false,"pivot":{"x":7.403664588928223,"y":1.2337487936019898,"z":-4.475107669830322},"rotation":{"x":0.06539467722177506,"y":-0.7479202747344971,"z":0.07452327758073807,"w":0.6563626527786255},"size":14.2210054397583,"orthographic":false}